Date,"Imp Vol","1D IV Chg","IV Rank","IV Pctl","P/C Vol","Options Vol","P/C OI","Total OI",Last,"Call Volume","Put Volume","Call OI","Put OI"
2022-03-16,123.17%,-3.28%,22.76%,69%,0.77929063708186,63510,0.9553354828123,440891,86.86,35694,27816,225481,215410
2022-03-15,126.46%,+1.21%,21.31%,74%,0.6886129277194,68941,0.99366036216918,416051,82.64,40827,28114,208687,207364
2022-03-14,125.25%,+11.90%,20.03%,73%,1.0185739834946,93680,0.84596570904773,443041,78.11,46409,47271,240005,203036
2022-03-11,113.35%,+4.50%,15.85%,55%,0.84030448717949,68901,0.89301623483965,435159,92.69,37440,31461,229876,205283
2022-03-10,108.85%,-3.35%,14.27%,44%,0.67246885418494,47657,0.91728893493873,429304,100.56,28495,19162,223912,205392
2022-03-09,112.20%,-5.28%,14.61%,52%,0.38049199084668,24131,0.75997713666857,292517,0,17480,6651,166205,126312
2022-03-08,117.48%,-6.61%,16.36%,60%,0.45888730518494,62436,0.97487945740017,405895,103.01,42797,19639,205529,200366
2022-03-07,124.09%,+10.12%,18.56%,68%,0.70207975488603,73329,0.83990113079639,457048,99.35,43082,30247,248409,208639
2022-03-04,113.97%,+2.35%,15.20%,55%,0.56081832837583,68740,0.86126168984814,446016,111.66,44041,24699,239631,206385
2022-03-03,111.62%,-0.42%,14.42%,49%,0.25516870547117,46686,0.88098936188675,433553,118.41,37195,9491,230492,203061
2022-03-02,112.05%,-8.68%,14.56%,50%,0.24249880105924,59589,0.91529057671125,422538,121.97,47959,11630,220613,201925
2022-03-01,120.73%,+3.12%,17.44%,62%,0.29090044388079,48858,0.93223126395162,407695,119.02,37848,11010,210997,196698
2022-02-28,117.61%,+1.80%,15.08%,59%,0.27162964445334,57189,0.83766037975387,463197,123.34,44973,12216,252058,211139
2022-02-25,115.81%,-5.42%,14.49%,57%,0.45597801509723,83710,0.84477956886447,443806,118.58,57494,26216,240574,203232
2022-02-24,121.23%,-0.19%,15.40%,61%,0.31460100319197,72073,0.88040000884975,424961,124.58,54825,17248,225995,198966
2022-02-23,121.41%,+6.32%,15.45%,61%,0.31558114429651,51184,0.93602617569619,402949,114.87,38906,12278,208132,194817
2022-02-22,115.10%,+1.47%,13.62%,56%,0.3453785513994,50858,0.80402815147918,530350,118.06,37802,13056,293981,236369
2022-02-18,113.63%,+2.06%,13.19%,53%,0.51331901804887,78228,0.82514749108799,525303,121.53,51693,26535,287814,237489
2022-02-17,111.57%,+3.97%,12.59%,48%,0.56671729225429,64989,0.83370104204096,510319,123.41,41481,23508,278300,232019
2022-02-16,107.59%,+2.47%,11.44%,41%,0.35823748365246,81008,0.85283211767937,485694,128.33,59642,21366,262136,223558
2022-02-15,105.12%,-6.20%,10.72%,37%,0.42878500946875,57340,0.88025227750526,469546,126.16,40132,17208,249725,219821
2022-02-14,111.32%,-1.53%,12.52%,47%,0.48008306588635,54880,0.85453567624759,527595,117.09,37079,17801,284489,243106
2022-02-11,112.85%,-0.15%,12.97%,50%,0.49512373117495,112680,0.84194543814134,524680,124.25,75365,37315,284851,239829
2022-02-10,113.00%,+1.62%,13.01%,50%,0.486271696627,105665,0.8391410370178,509843,122.47,71094,34571,277218,232625
2022-02-09,111.39%,+2.67%,12.54%,47%,0.36636969464456,96161,0.8456878907937,491479,124.29,70377,25784,266285,225194
2022-02-08,108.71%,-3.26%,11.76%,43%,0.37555584541865,116002,0.85742544679442,460101,115.6,84331,31671,247709,212392
2022-02-07,111.98%,+1.65%,12.71%,47%,0.61581674234486,55513,0.79839148555092,522127,102.34,34356,21157,290330,231797
2022-02-04,110.32%,-3.83%,12.23%,45%,0.61084719617158,91894,0.81390517734554,507313,102.34,57047,34847,279680,227633
2022-02-03,114.15%,-2.27%,13.34%,50%,0.49023350512184,70266,0.83908633447704,489368,99.23,47151,23115,266093,223275
2022-02-02,116.42%,+2.85%,14.00%,53%,0.83639053254438,74484,0.84331987791671,468065,100.04,40560,33924,253925,214140
2022-02-01,113.57%,-1.68%,13.18%,49%,0.43868754021017,67086,0.86676193957925,449352,112.6,46630,20456,240712,208640
2022-01-31,115.25%,-0.83%,12.73%,51%,0.70907572383073,85946,0.72762691431598,531672,108.93,50288,35658,307747,223925
2022-01-28,116.08%,-8.40%,10.63%,52%,0.6633583003446,116811,0.77688742567458,514894,97.91,70226,46585,289773,225121
2022-01-27,124.48%,+0.42%,11.75%,58%,0.66068601583113,97557,0.79421046465652,490085,93.52,58745,38812,273148,216937
2022-01-26,124.06%,-0.52%,11.66%,58%,0.4297990687791,183020,0.81434229114748,457207,103.26,128004,55016,251996,205211
2022-01-25,124.58%,-0.24%,11.77%,58%,0.91877507354908,71743,0.81493832113128,434322,99.79,37390,34353,239304,195018
2022-01-24,124.82%,+2.43%,11.82%,59%,0.99374385944634,137991,1.2436222537425,879473,100.15,69212,68779,391988,487485
2022-01-21,122.39%,+16.44%,11.32%,56%,0.88671973594797,194351,1.326433099623,865696,106.36,103010,91341,372113,493583
2022-01-20,105.95%,-2.09%,7.88%,39%,0.65106365866409,82114,1.3693001826635,844402,102.67,49734,32380,356393,488009
2022-01-19,108.04%,-2.40%,8.32%,41%,1.1525051437469,77417,1.3947155069691,830006,106.57,35966,41451,346599,483407
2022-01-18,110.44%,+2.79%,8.82%,44%,0.74300468554082,105647,1.3158649323516,869026,108.91,60612,45035,375249,493777
2022-01-14,107.65%,+4.42%,8.24%,40%,1.0498929413031,171369,1.3963599217311,832783,116.65,83599,87770,347520,485263
2022-01-13,103.23%,+3.35%,7.31%,35%,0.50503948919104,85563,1.4536413862381,806058,122.48,56851,28712,328515,477543
2022-01-12,99.88%,-5.77%,6.61%,28%,0.58832335329341,56233,1.4876057205333,791785,128.06,35404,20829,318292,473493
2022-01-11,105.65%,-5.13%,7.82%,37%,0.47273847670693,59749,1.5340769089622,773380,130.3,40570,19179,305192,468188
2022-01-10,110.78%,-1.94%,8.89%,43%,0.80080876381776,108659,1.4428150887394,803266,131.15,60339,48320,328828,474438
2022-01-07,112.72%,+12.67%,9.30%,45%,0.47596772367514,286813,1.6185470135667,757962,140.62,194322,92491,289459,468503
2022-01-06,100.05%,-1.80%,6.65%,28%,1.0559934547922,103032,1.6869312016601,735448,131.03,50113,52919,273713,461735
2022-01-05,101.84%,+15.95%,7.02%,30%,1.0771674323136,85006,1.7477876278769,704530,129.37,40924,44082,256399,448131
2022-01-04,85.89%,-0.51%,3.69%,11%,0.59936990483614,49243,1.8034826781942,688740,148.91,30789,18454,245673,443067
2022-01-03,86.40%,-1.75%,3.80%,11%,0.41620507880442,52925,1.6487787646714,727352,152.84,37371,15554,274599,452753
2021-12-31,88.15%,-3.10%,4.16%,13%,0.52406596299753,63677,1.6785549684941,726475,148.39,41781,21896,271219,455256
2021-12-30,91.24%,-1.83%,4.81%,15%,0.37331300211657,60342,1.7375321731781,712607,155.33,43939,16403,260310,452297
2021-12-29,93.07%,-4.06%,5.19%,18%,0.36936021232142,72750,1.8403165467626,690907,153.93,53127,19623,243250,447657
2021-12-28,97.13%,-0.94%,6.04%,21%,0.47062404870624,48310,1.9039138564704,675552,146.46,32850,15460,232635,442917
2021-12-27,98.07%,+0.89%,6.24%,24%,0.67435878317924,44913,1.675924194019,715312,148.31,26824,18089,267314,447998
2021-12-23,97.18%,-3.65%,6.05%,21%,0.473905437582,60663,1.7086141577561,708522,152.14,41158,19505,261581,446941
2021-12-22,100.84%,+100.84%,6.81%,26%,0.38767926305873,53026,1.7418738425607,697349,154,38212,14814,254333,443016
2021-12-21,0.00%,-112.31%,0.00%,0%,0,0,1.8179164010938,685275,158.12,0,0,243185,442090
2021-12-20,112.31%,+0.15%,9.21%,41%,0.48359181292236,61032,1.5730047196694,753965,157.14,41138,19894,293029,460936
2021-12-17,112.16%,+3.74%,9.18%,41%,0.50973870597243,126190,1.6354234137085,752727,155.64,83584,42606,285619,467108
2021-12-16,108.42%,-2.28%,8.40%,37%,0.85522230595328,61547,1.6874646858344,746747,144.59,33175,28372,277863,468884
2021-12-15,110.70%,-12.16%,8.87%,39%,0.72137952239418,67182,1.7228402767804,739390,148.59,39028,28154,271551,467839
2021-12-14,122.86%,+1.37%,11.41%,50%,0.94987012049931,108093,1.7810513275991,713907,147.69,55436,52657,256704,457203
2021-12-13,121.50%,+18.66%,11.13%,47%,1.4378558727749,122022,1.5682562534969,752797,136.88,50053,71969,293116,459681
2021-12-10,102.83%,+0.75%,7.23%,30%,0.7887506041566,148037,1.6704426453276,739515,159.01,82760,65277,276926,462589
2021-12-09,102.09%,-7.83%,7.08%,28%,1.0378462781581,186628,1.7686934470636,720594,155.76,91581,95047,260265,460329
2021-12-08,109.92%,-0.06%,8.71%,37%,0.98624718774947,109474,1.8415159490473,674789,173.65,55116,54358,237475,437314
2021-12-07,109.98%,-6.05%,8.72%,37%,0.63170406069882,50108,1.9164541832669,658827,177.81,30709,19399,225900,432927
2021-12-06,116.04%,-7.02%,9.99%,44%,0.74838092888423,56693,1.7150580981741,686964,167.12,32426,24267,253020,433944
2021-12-03,123.06%,+19.55%,11.46%,49%,0.85904064611088,98518,1.8064321116986,677773,172.39,52994,45524,241507,436266
2021-12-02,103.51%,-0.33%,7.37%,31%,0.76402750730282,57973,1.842929344671,665996,181.56,32864,25109,234264,431732
2021-12-01,103.84%,+0.86%,7.44%,32%,0.61996722207047,59307,1.8869086295987,653114,179.84,36610,22697,226233,426881
2021-11-30,102.99%,+4.15%,7.26%,31%,0.57872119516627,54739,1.9206675842771,642947,196.21,34673,20066,220137,422810
2021-11-29,98.84%,-5.51%,6.40%,25%,0.29518296772911,52135,1.5229244813629,714964,202.01,40253,11882,283387,431577
2021-11-26,104.35%,+2.02%,7.55%,29%,0.59788699809778,62161,1.5499332086562,715830,199.72,38902,23259,280725,435105
2021-11-24,102.33%,-7.92%,7.13%,30%,0.33543376969159,90282,1.5600845705762,707144,211.78,67605,22677,276219,430925
2021-11-23,110.25%,-21.27%,8.78%,37%,0.32822682742389,156323,1.653650804805,679730,213.9,117693,38630,256149,423581
2021-11-22,131.52%,+17.35%,13.22%,56%,0.2213508780498,175055,1.7031955150666,771492,247.55,143329,31726,285400,486092
2021-11-19,114.17%,+16.90%,9.60%,40%,0.24324537260752,236699,1.7726045386136,751642,228.8,190388,46311,271096,480546
2021-11-18,97.27%,+4.52%,6.07%,23%,0.3290124463286,48905,1.8139192973282,742613,210.12,36798,12107,263907,478706
2021-11-17,92.75%,-1.69%,5.13%,18%,0.31426638604931,52455,1.8517257973129,734827,210,39912,12543,257678,477149
2021-11-16,94.44%,-2.87%,5.48%,20%,0.23360737419033,49517,1.9028522925642,725028,207.18,40140,9377,249764,475264
2021-11-15,97.31%,+5.26%,6.08%,22%,0.2537687903416,58467,1.7529035461401,765131,209.14,46633,11834,277936,487195
2021-11-12,92.06%,-2.51%,4.98%,18%,0.54142461791618,61825,1.7705351075257,758301,202.1,40109,21716,273702,484599
2021-11-11,94.57%,-2.83%,5.51%,20%,0.34979358526516,59507,1.8180689098027,746498,204.32,44086,15421,264897,481601
2021-11-10,97.40%,-0.47%,6.10%,22%,0.40601171112557,54026,1.824067584862,741442,199.19,38425,15601,262544,478898
2021-11-09,97.87%,-5.08%,6.19%,22%,0.43494221913285,66059,1.8495441977607,728637,206.6,46036,20023,255703,472934
2021-11-08,102.95%,+5.84%,7.26%,28%,0.31362863904198,82710,1.6248216263684,789108,218.64,62963,19747,300633,488475
2021-11-05,97.11%,-1.71%,6.04%,21%,0.30739681242338,111972,1.5833909495477,795873,213.25,85645,26327,308073,487800
2021-11-04,98.82%,-3.06%,6.39%,23%,0.22031730733588,131682,1.6147311813573,781836,217.84,107908,23774,299012,482824
2021-11-03,101.89%,+13.93%,7.03%,26%,0.23948657752373,340011,1.7512238921634,738445,218.33,274316,65695,268406,470039
2021-11-02,87.96%,+4.90%,4.12%,15%,0.20033921717768,137296,1.8062068188791,722573,206.99,114381,22915,257491,465082
2021-11-01,83.06%,+11.54%,3.10%,12%,0.23328041470922,190326,1.8371936349346,720145,200.09,154325,36001,253823,466322
2021-10-29,71.52%,-0.12%,0.69%,3%,0.35485256226739,85185,1.861357073917,714478,183.51,62874,22311,249699,464779
2021-10-28,71.63%,+3.26%,0.72%,3%,0.30298946875046,88959,1.9584444756423,695409,182.85,68273,20686,235059,460350
2021-10-27,68.38%,-3.37%,0.04%,1%,0.29609104403761,52388,1.9939260221768,686624,173.51,40420,11968,229339,457285
2021-10-26,71.75%,-3.26%,0.74%,3%,0.21242234196037,82355,2.1143836604074,669552,177.84,67926,14429,214987,454565
2021-10-25,75.01%,+2.19%,1.42%,5%,0.32786000616713,51675,1.7846669653755,720928,173.97,38916,12759,258892,462036
2021-10-22,72.82%,+4.61%,0.96%,3%,0.80840775730043,105092,1.8716627482509,707213,169.8,58113,46979,246273,460940
2021-10-21,68.21%,-1.23%,0.00%,0%,0.21524395991077,77360,2.0133264204084,685812,181.71,63658,13702,227593,458219
2021-10-20,69.44%,-1.71%,0.13%,1%,0.26058896903303,46488,2.0583635073254,676562,184.52,36878,9610,221217,455345
2021-10-19,71.16%,+2.34%,0.49%,1%,0.23066672133836,60027,2.1859282611538,657891,186.79,48776,11251,206499,451392
2021-10-18,68.81%,-0.72%,0.00%,1%,0.32598523657779,65745,1.8865142306552,778897,186.02,49582,16163,269840,509057
2021-10-15,69.53%,-4.02%,0.00%,1%,0.29544510361101,77956,1.892905818433,783234,183.28,60177,17779,270743,512491
2021-10-14,73.55%,-6.66%,0.10%,2%,0.24753721541156,91180,1.9289168699072,774596,183.83,73088,18092,264465,510131
2021-10-13,80.21%,+6.94%,1.51%,5%,0.2339806240815,86486,2.0194759362127,757197,184.06,70087,16399,250771,506426
2021-10-12,73.28%,+0.21%,0.04%,1%,0.31791924637853,44489,2.0690293605701,747591,175.82,33757,10732,243592,503999
2021-10-11,73.06%,-0.91%,0.00%,1%,0.21741706161137,110970,2.0220783389573,772002,178.1,91152,19818,255454,516548
2021-10-08,73.97%,-2.01%,0.00%,1%,0.43623026174768,60303,2.0816665393538,766506,172.68,41987,18316,248731,517775
2021-10-07,75.98%,-3.28%,0.00%,1%,0.4052443043416,49036,2.1479378037254,752716,172.12,34895,14141,239114,513602
2021-10-06,79.26%,-1.61%,0.30%,3%,0.33169009604987,41871,2.203763524223,743837,171.07,31442,10429,232176,511661
2021-10-05,80.87%,+80.87%,0.64%,3%,0.50261817660139,41896,2.2767938054606,730417,172.18,27882,14014,222906,507511
2021-10-04,0.00%,-82.18%,0.00%,0%,0,0,2.0127701299104,777367,171.36,0,0,258024,519343
2021-10-01,82.18%,-4.62%,0.92%,3%,0.38574360116444,87112,2.0668283247032,775285,176.91,62863,24249,252797,522488
2021-09-30,86.80%,+8.53%,1.91%,3%,0.54298046342572,135844,2.2038136609774,747847,175.47,88040,47804,233424,514423
2021-09-29,78.28%,+0.43%,0.09%,2%,0.62545018007203,51452,2.2672754664299,739538,175.92,31654,19798,226347,513191
2021-09-28,77.84%,-0.10%,0.00%,0%,0.79423981430578,58747,2.3363998985497,723515,178.6,32742,26005,216855,506660
2021-09-27,77.94%,-0.09%,0.00%,0%,0.35599926810301,59287,2.1295095382414,761031,189.48,43722,15565,243179,517852
2021-09-24,78.04%,-2.85%,0.00%,0%,0.56916236307635,67758,2.1961498614422,758913,185.16,43181,24577,237446,521467
2021-09-23,80.89%,-4.77%,0.00%,0%,0.47049917085246,61186,2.2617482474749,747260,191.24,41609,19577,229098,518162
2021-09-22,85.66%,-3.17%,0.00%,0%,0.50290857877656,49088,2.3044655485957,735921,190.14,32662,16426,222705,513216
2021-09-21,88.82%,-4.57%,0.27%,2%,0.639899519682,59407,2.3560429435005,721170,189.95,36226,23181,214887,506283
2021-09-20,93.40%,+5.81%,1.26%,6%,0.87651240440886,104533,1.8896911171557,836083,192.2,55706,48827,289333,546750
2021-09-17,87.59%,-0.99%,0.00%,0%,0.396722298153,111390,1.8815222610962,840079,204.97,79751,31639,291540,548539
2021-09-16,88.58%,-1.70%,0.17%,1%,0.34428910577684,127405,1.9344569954006,825586,206.37,94775,32630,281342,544244
2021-09-15,90.28%,+2.47%,0.54%,2%,0.38212817094466,73608,2.0043203500705,811518,204.52,53257,20351,270117,541401
2021-09-14,87.81%,-3.77%,0.00%,0%,0.47066104432836,70102,2.0384510292064,800644,199.24,47667,22435,263504,537140
2021-09-13,91.58%,+1.97%,0.60%,2%,0.36085483401691,144995,1.8485492348603,868742,203.4,106547,38448,304977,563765
2021-09-10,89.62%,-7.31%,0.17%,1%,0.54339659621729,141744,1.9086568946833,866963,190.41,91839,49905,298063,568900
2021-09-09,96.92%,-15.00%,1.77%,4%,0.5170972904996,265401,2.0336052108251,842056,199.18,174940,90461,277576,564480
2021-09-08,111.92%,+0.90%,5.04%,19%,0.72449629089562,149012,2.0944293346096,795290,198.8,86409,62603,257007,538283
2021-09-07,111.02%,+0.93%,4.84%,19%,0.56616835938986,82346,1.8151928302901,848440,199,52578,29768,301379,547061
2021-09-03,110.09%,-11.06%,4.64%,18%,0.50365020802261,153240,1.859104115232,838438,202.75,101912,51328,293252,545186
2021-09-02,121.15%,-3.46%,7.05%,27%,0.38784787851137,85175,1.8635762781073,827522,213.52,61372,23803,288982,538540
2021-09-01,124.61%,-2.93%,7.81%,31%,0.28951374487049,116897,1.9496581796274,802953,212.97,90652,26245,272219,530734
2021-08-31,127.54%,+0.64%,8.45%,36%,0.28323534651701,108042,1.9947206786721,787917,218.24,84195,23847,263102,524815
2021-08-30,126.90%,+1.89%,8.31%,36%,0.35014727949758,121466,1.8265780952699,846758,209.2,89965,31501,299570,547188
2021-08-27,125.01%,-8.69%,7.90%,32%,0.33032464338416,162273,1.8567338548274,842148,204.95,121980,40293,294794,547354
2021-08-26,133.69%,-9.89%,9.79%,41%,0.36463439335629,202116,1.9439272858171,817823,205.22,148110,54006,277800,540023
2021-08-25,143.58%,-3.69%,11.95%,47%,0.30695867505736,287642,2.1634235154551,767978,199.65,220085,67557,242768,525210
2021-08-24,147.27%,+47.93%,12.75%,48%,0.48019870441808,406729,2.4233016746186,689518,210.29,274780,131949,201419,488099
2021-08-23,99.34%,+1.50%,2.29%,6%,0.39782876329043,62448,2.079734726075,767165,164.89,44675,17773,249101,518064
2021-08-20,97.84%,-3.99%,1.97%,4%,0.44655592372342,65921,2.1471528636176,763814,159.3,45571,20350,242700,521114
2021-08-19,101.83%,+1.30%,2.84%,8%,0.80567908554864,54815,2.1895754961392,757151,152.9,30357,24458,237383,519768
2021-08-18,100.53%,-4.30%,2.55%,6%,0.61605845476813,38926,2.2382223801866,747100,157.05,24087,14839,230713,516387
2021-08-17,104.83%,-0.34%,3.49%,11%,0.46495824740525,43332,2.2820842128652,738551,163.55,29579,13753,225025,513526
2021-08-16,105.17%,-0.51%,3.57%,11%,0.3170347982694,63622,2.2008149548414,761954,163.93,48307,15315,238050,523904
2021-08-13,105.67%,-2.33%,3.68%,11%,0.65290806754221,72242,2.2530543651068,752991,162.52,43706,28536,231472,521519
2021-08-12,108.01%,-6.60%,4.19%,14%,0.47711065102369,51368,2.327825908144,744428,162.35,34776,16592,223698,520730
2021-08-11,114.61%,+2.65%,5.63%,18%,0.56554196748686,31876,2.362246710077,738383,158.78,20361,11515,219610,518773
2021-08-10,111.96%,-3.93%,5.05%,15%,0.6818052885373,53362,2.4224765819831,725986,159.05,31729,21633,212123,513863
2021-08-09,115.89%,+13.64%,5.91%,19%,0.37024848655498,77863,2.2287265396082,755903,161.13,56824,21039,234118,521785
2021-08-06,102.25%,-4.59%,2.93%,8%,0.6562575647543,54736,2.2827681961167,756596,151.77,33048,21688,230475,526121
2021-08-05,106.84%,+4.15%,3.93%,11%,0.46396184590582,65382,2.3746640970658,745956,153.44,44661,20721,221046,524910
2021-08-04,102.69%,+0.91%,3.03%,8%,0.66437843901918,62311,2.4542563600783,734292,146.8,37438,24873,212576,521716
2021-08-03,101.78%,+3.88%,2.83%,7%,0.67069734419028,75300,2.6235420969506,715809,152.75,45071,30229,197544,518265
2021-08-02,97.90%,+4.92%,1.98%,5%,0.80619456087338,74119,2.2878436827577,756352,157.65,41036,33083,230045,526307
2021-07-30,92.98%,-0.24%,0.90%,2%,0.9708298606977,82765,2.3616870086746,752201,161.12,41995,40770,223757,528444
2021-07-29,93.21%,-3.17%,0.96%,2%,0.38915659950243,61980,2.458138036638,740747,164.86,44617,17363,214204,526543
2021-07-28,96.38%,+5.03%,1.65%,3%,0.64588040635508,92510,2.5853071595835,719607,169.12,56207,36303,200710,518897
2021-07-27,91.35%,-0.35%,0.55%,1%,0.73367908648378,38108,2.6572105968457,709572,178.54,21981,16127,194020,515552
2021-07-26,91.69%,+2.86%,0.62%,1%,0.76795741504106,54469,2.285933009443,768330,183.94,30809,23660,233824,534506
2021-07-23,88.83%,-5.66%,0.00%,0%,0.70613684051137,78873,2.3191252619365,766625,180.36,46229,32644,230972,535653
2021-07-22,94.50%,-4.61%,0.00%,0%,0.65479201982005,63453,2.3474807875446,755744,178.85,38345,25108,225765,529979
2021-07-21,99.11%,-8.37%,0.00%,0%,0.56012908018758,67201,2.3921061734239,745300,185.81,43074,24127,219716,525584
2021-07-20,107.48%,unch,1.75%,4%,0.4779355392683,96388,2.6057926387299,721328,191.18,65218,31170,200047,521281
2021-07-19,107.48%,+6.09%,1.75%,4%,0.56734478760409,74347,3.0100345014976,1269208,173.49,47435,26912,316508,952700
2021-07-16,101.39%,-6.71%,0.39%,1%,0.91939268461008,139060,3.0144052772366,1281631,169.04,72450,66610,319258,962373
2021-07-15,108.10%,+3.87%,1.89%,4%,1.2287665596972,135431,3.0995254029843,1259407,167.62,60765,74666,307208,952199
2021-07-14,104.23%,+4.58%,1.02%,2%,1.1739802749439,115284,3.1873677378353,1238682,167.62,53029,62255,295814,942868
2021-07-13,99.66%,-3.88%,0.00%,0%,0.62956261965371,77458,3.339137588754,1213071,180.06,47533,29925,279565,933506
2021-07-12,103.54%,-3.23%,0.16%,1%,0.62088935778581,72209,3.055832595875,1255775,189.25,44549,27660,309622,946153
2021-07-09,106.76%,-8.40%,0.89%,1%,0.58472030227629,85979,3.1692818619164,1245377,191.23,54255,31724,298703,946674
2021-07-08,115.16%,+2.07%,2.78%,5%,0.67364867698243,79823,3.2405519432515,1233267,191.38,47694,32129,290827,942440
2021-07-07,113.09%,+0.95%,2.31%,2%,0.72372347616771,104549,3.4112844682613,1209261,190.66,60653,43896,274129,935132
2021-07-06,112.14%,+2.01%,2.09%,2%,0.61754980079681,81201,2.8561602817087,1287811,199.56,50200,31001,333962,953849
2021-07-02,110.13%,-3.88%,1.64%,1%,0.72778034342332,123462,2.9807897245183,1273793,202.83,71457,52005,319985,953808
2021-07-01,114.01%,-4.85%,2.52%,1%,0.52725636410388,106911,3.2069362556682,1242262,204.36,70002,36909,295289,946973
2021-06-30,118.85%,-0.62%,3.61%,2%,0.46082590251926,84370,3.317618398865,1226467,214.14,57755,26615,284061,942406
2021-06-29,119.47%,-4.22%,3.75%,3%,0.66324670941613,73923,3.3696118904042,1213013,210.88,44445,29478,277602,935411
2021-06-28,123.69%,-8.14%,4.70%,10%,0.71295504657337,114201,2.7565600256672,1311355,213.25,66669,47532,349084,962271
2021-06-25,131.82%,+3.32%,6.53%,21%,0.74746688784192,204368,2.857286043099,1285375,209.51,116951,87417,333233,952142
2021-06-24,128.50%,-13.71%,5.78%,16%,0.88351626119063,186195,3.0241283403135,1247182,212.31,98855,87340,309926,937256
2021-06-23,142.21%,-0.45%,8.87%,26%,0.83110576494698,123303,3.2042322510965,1214506,219.34,67338,55965,288877,925629
2021-06-22,142.66%,+6.22%,8.97%,26%,0.60601145787009,122786,3.3859687551048,1181387,220.4,76454,46332,269356,912031
2021-06-21,136.45%,-2.21%,7.57%,23%,0.82918928923988,118590,2.9134963575171,1286061,200.37,64832,53758,328622,957439
2021-06-18,138.66%,-9.51%,8.07%,24%,0.60000241566316,132469,2.9944109993518,1287874,213.82,82793,49676,322419,965455
2021-06-17,148.17%,-7.89%,10.21%,27%,1.2770396094418,180970,3.1335109742109,1282893,223.59,79476,101494,310364,972529
2021-06-16,156.06%,+2.91%,11.98%,29%,3.3782866836302,252938,3.1206784169829,1245405,222.97,57771,195167,302233,943172
2021-06-15,153.15%,-12.20%,11.33%,28%,0.79707390442333,131429,3.1430833908259,1219065,222.5,73135,58294,294241,924824
2021-06-14,165.35%,-3.55%,14.07%,34%,0.61762409517382,122239,2.5464956252878,1347757,229.44,75567,46672,380025,967732
2021-06-11,168.90%,-19.53%,14.87%,37%,0.85557783082451,378562,2.7316106535804,1339846,233.34,204013,174549,359053,980793
2021-06-10,188.44%,+9.54%,19.27%,55%,0.90891061945168,487049,3.1002217178714,1251974,220.39,255145,231904,305343,946631
2021-06-09,178.89%,-18.37%,17.12%,47%,0.61020848985725,240037,3.2357707123964,1193026,302.56,149072,90965,281655,911371
2021-06-08,197.26%,+12.92%,21.26%,57%,0.5103038423018,227707,3.3474476140863,1151678,300,150769,76938,264909,886769
2021-06-07,184.33%,+10.39%,18.35%,52%,0.52411959776056,113521,3.04672677276,1203796,280.01,74483,39038,297474,906322
2021-06-04,173.94%,-27.98%,16.01%,42%,0.54033653590955,145092,3.1117896790503,1197090,248.36,94195,50897,291136,905954
2021-06-03,201.92%,-13.59%,22.31%,58%,0.47045556251678,164294,3.2291283652756,1175482,258.18,111730,52564,277949,897533
2021-06-02,215.51%,+36.06%,25.37%,60%,0.35579859541581,245950,3.3755127764409,1145553,282.24,181406,64544,261810,883743
2021-06-01,179.45%,+10.49%,17.25%,50%,0.43484870213681,150078,2.9947885255788,1218794,249.02,104595,45483,305096,913698
2021-05-28,168.96%,-9.00%,14.89%,40%,0.62755029792055,298828,2.9797201625541,1211391,222,183606,115222,304391,907000
2021-05-27,177.95%,+12.41%,16.91%,47%,0.41036498555714,308090,3.0876971018361,1179272,254.13,218447,89643,288493,890779
2021-05-26,165.54%,+16.10%,14.12%,38%,0.51168084967463,347286,3.2312633431964,1129705,242.56,229735,117551,266990,862715
2021-05-25,149.44%,+27.46%,10.49%,31%,0.39255257337782,297193,3.4850513891153,1073062,209.43,213416,83777,239253,833809
2021-05-24,121.98%,+1.64%,4.31%,7%,0.52010703746311,121566,3.2586188030568,1206488,180.01,79972,41594,283305,923183
2021-05-21,120.35%,-2.65%,3.94%,5%,0.5885296116457,161285,3.3410141083583,1199687,176.79,101531,59754,276361,923326
2021-05-20,123.00%,-8.14%,4.54%,9%,0.44239227911346,67553,3.421660558762,1192062,170.49,46834,20719,269596,922466
2021-05-19,131.14%,+1.94%,6.37%,21%,0.73982073837132,104431,3.4878866401075,1179457,168.83,60024,44407,262809,916648
2021-05-18,129.21%,-5.37%,5.94%,17%,0.42412571976066,151611,3.5621015668268,1161470,180.67,106459,45152,254591,906879
2021-05-17,134.58%,+12.47%,7.15%,23%,0.40107050734653,159149,3.2282853786404,1205759,180.6,113591,45558,285165,920594
2021-05-14,122.11%,-12.47%,4.34%,7%,0.44707715937839,128130,3.2091339840097,1201914,159.92,88544,39586,285549,916365
2021-05-13,134.58%,+3.22%,7.15%,21%,0.5573804763958,238382,3.510411897993,1172450,164.5,153066,85316,259943,912507
2021-05-12,131.35%,+6.64%,6.42%,20%,0.59843418691894,68600,3.7056530532359,1154052,144.79,42917,25683,245248,908804
2021-05-11,124.72%,+2.78%,4.93%,9%,0.75083483174929,95424,3.881529126734,1138397,146.92,54502,40922,233205,905192
2021-05-10,121.93%,+19.10%,4.30%,6%,1.1925895177592,121487,3.3185375747922,1190176,143.22,55408,66079,275597,914579
2021-05-07,102.83%,-12.06%,0.00%,0%,0.44151399859394,139429,3.3588968671527,1185572,161.11,96724,42705,271989,913583
2021-05-06,114.89%,-0.60%,0.00%,0%,0.56491695308704,86964,3.5061563313984,1166004,161.01,55571,31393,258758,907246
2021-05-05,115.49%,-10.08%,0.00%,0%,0.55890597957243,63951,3.6212138823313,1152979,159.48,41023,22928,249497,903482
2021-05-04,125.58%,-1.20%,1.43%,5%,0.74983646770237,85602,3.7717635310062,1137221,160.73,48920,36682,238323,898898
2021-05-03,126.78%,+7.32%,1.71%,8%,0.7444503258676,105459,2.9922400580786,1237295,162.2,60454,45005,309925,927370
2021-04-30,119.45%,-0.33%,0.00%,0%,0.48321709264839,140784,3.045279865233,1229490,173.59,94918,45866,303932,925558
2021-04-29,119.78%,-6.51%,0.00%,0%,0.65894983649041,134433,3.1365422664938,1212586,176.19,81035,53398,293140,919446
2021-04-28,126.29%,-3.45%,0.86%,3%,0.61667703795893,114312,3.203651981821,1195031,178.58,70708,43604,284284,910747
2021-04-27,129.74%,-7.60%,1.67%,8%,0.65612026482154,166349,3.2793646665428,1151791,177.77,100445,65904,269150,882641
2021-04-26,137.34%,+9.20%,3.46%,9%,0.38084294448937,194674,2.7455593807422,1241387,168.93,140982,53692,331429,909958
2021-04-23,128.15%,-13.63%,1.30%,5%,0.51935975609756,169439,2.8844017852614,1225420,151.18,111520,57919,315472,909948
2021-04-22,141.77%,-2.99%,4.51%,8%,0.65196792487519,116809,3.0069951064277,1201221,151.17,70709,46100,299781,901440
2021-04-21,144.76%,-11.89%,5.21%,9%,0.57040515113328,90972,3.1826044914341,1176529,158.51,57929,33043,281291,895238
2021-04-20,156.65%,-4.15%,8.01%,9%,0.63605970618891,83192,3.2636985672468,1160890,158.53,50849,32343,272273,888617
2021-04-19,160.80%,-1.81%,8.99%,12%,0.46420154263677,164014,3.2009356489126,1707046,164.37,112016,51998,406349,1300697
2021-04-16,162.60%,-5.65%,9.42%,14%,0.46499553824937,216708,3.2196232603428,1729113,154.69,147924,68784,409779,1319334
2021-04-15,168.25%,-11.89%,10.75%,14%,0.63755789473684,233352,3.3744725521801,1704347,156.44,142500,90852,389612,1314735
2021-04-14,180.14%,+5.19%,13.55%,29%,0.51917658041916,354749,3.6386801068712,1635478,166.53,233514,121235,352574,1282904
2021-04-13,174.95%,-10.39%,25.06%,75%,1.1326103745656,132546,3.7632224375379,1609993,140.99,62152,70394,338005,1271988
2021-04-12,185.34%,+16.97%,14.77%,31%,1.0549368111259,249270,3.4750900075796,1700391,141.09,121303,127967,379968,1320423
2021-04-09,168.37%,-3.29%,10.77%,15%,1.0380488461884,272373,3.678081232493,1670075,158.36,133644,138729,357000,1313075
2021-04-08,171.66%,+11.23%,11.55%,15%,0.99687632155626,207763,3.8865646755014,1623566,170.26,104044,103719,332251,1291315
2021-04-07,160.43%,+2.49%,8.90%,12%,1.3270563380282,165221,3.9969206093622,1595112,177.97,71000,94221,319219,1275893
2021-04-06,157.95%,-20.93%,8.32%,11%,1.1534087936237,123470,4.060677787918,1569301,184.5,57337,66133,310097,1259204
2021-04-05,178.87%,-15.89%,13.25%,19%,1.6943272196072,265596,3.6861569341834,1666941,186.95,98576,167020,355716,1311225
2021-04-01,194.77%,-25.81%,17.00%,29%,0.59644305276098,261036,3.7882425120014,1646758,191.45,163511,97525,343917,1302841
2021-03-31,220.58%,-14.32%,23.08%,33%,0.78996087221928,178869,3.9237295093183,1619262,189.82,99929,78940,328869,1290393
2021-03-30,234.90%,-17.05%,26.45%,37%,0.86609844873187,225072,4.0620400285051,1584049,194.46,120611,104461,312927,1271122
2021-03-29,251.95%,-6.19%,30.47%,39%,1.3541323541324,174380,3.4839380271615,1805359,181.3,74074,100306,402628,1402731
2021-03-26,258.14%,-11.98%,31.93%,40%,0.76337924181996,511119,3.552134202407,1782288,181,289852,221267,391528,1390760
2021-03-25,270.12%,+5.75%,34.75%,46%,0.78281027712483,522572,3.9420963688741,1693266,183.75,293117,229455,342621,1350645
2021-03-24,264.37%,-24.91%,33.40%,43%,1.2847009213205,407433,4.1289569001295,1631275,120.34,178331,229102,318052,1313223
2021-03-23,289.28%,+16.35%,39.27%,49%,1.9030515667764,240782,4.3171409461686,1542258,181.75,82941,157841,290054,1252204
2021-03-22,272.93%,-1.64%,35.42%,46%,1.6872143519347,165218,3.7153933548608,2104249,194.49,61483,103735,446251,1657998
2021-03-19,274.57%,-14.88%,35.80%,47%,0.69851016668267,406890,3.6655357578716,2102617,200.27,239557,167333,450670,1651947
2021-03-18,289.45%,-20.29%,39.31%,48%,1.2222618492405,243011,3.7102373603562,2069358,201.75,109353,133658,439332,1630026
2021-03-17,309.74%,-31.81%,44.09%,51%,0.86224081651418,202528,3.8489600053266,2039138,209.81,108755,93773,420531,1618607
2021-03-16,341.55%,-11.46%,51.59%,66%,1.1836379909808,380595,3.8341782177259,1995921,208.17,174294,206301,412877,1583044
2021-03-15,353.01%,+13.47%,54.29%,73%,1.4916780333194,316027,3.2865467663331,2224422,220.14,126833,189194,518931,1705491
2021-03-12,339.55%,-8.09%,51.11%,67%,0.64824722258981,523124,3.2938947145761,2192351,264.5,317382,205742,510574,1681777
2021-03-11,347.64%,-21.68%,53.02%,72%,0.99336510649187,436234,3.3602287791812,2081970,260,218843,217391,477491,1604479
2021-03-10,369.32%,+38.80%,58.13%,78%,0.95284175024756,796736,3.3910857901179,1919146,265,407988,388748,437055,1482091
2021-03-09,330.52%,-15.90%,48.99%,62%,0.87823653559078,401366,3.3654368664558,1838041,246.9,213693,187673,421044,1416997
2021-03-08,346.42%,+26.08%,52.73%,73%,0.6099682786689,537987,3.1309708384306,1894393,194.5,334160,203827,458583,1435810
2021-03-05,320.34%,-18.86%,46.59%,60%,0.52211657873296,384855,3.0370286307188,1992096,137.74,252842,132013,493456,1498640
2021-03-04,339.20%,+10.41%,51.03%,69%,2.9667767095001,904794,3.1838821888449,1967730,132.35,228093,676701,470312,1497418
2021-03-03,328.78%,-37.68%,48.58%,63%,5.149811928214,771703,3.2565036740323,1938233,124.18,125484,646219,455358,1482875
2021-03-02,366.46%,-29.40%,57.46%,73%,1.8368274522499,438148,3.317811285787,1882488,118.18,154450,283698,435982,1446506
2021-03-01,395.87%,-0.89%,64.39%,79%,0.95124447637512,396528,2.9232215298275,1995119,120.4,203218,193310,508541,1486578
2021-02-26,396.76%,-15.72%,64.60%,82%,0.83242844364937,819462,3.0450749717964,2068890,101.74,447200,372262,511459,1557431
2021-02-25,412.48%,+175.10%,68.30%,86%,1.0197779242299,1173800,2.9942408836496,1774797,108.73,581153,592647,444339,1330458
2021-02-24,237.38%,+57.31%,37.63%,94%,0.5525675727193,407254,3.4488019541959,1697387,91.71,262310,144944,381538,1315849
2021-02-23,180.07%,-4.71%,13.53%,37%,1.4920546363986,129537,3.5391771658657,1677462,44.97,51980,77557,369552,1307910
2021-02-22,184.78%,+22.49%,14.64%,41%,0.75367857602001,150050,2.596126822932,609076,46,85563,64487,169370,439706
2021-02-19,162.29%,-11.07%,9.34%,21%,1.3116078659648,365345,3.4587238139087,2130512,40.59,158048,207297,477830,1652682
2021-02-18,173.36%,-0.83%,11.95%,25%,0.68345578203794,333166,3.8905563680984,2076496,40.69,197906,135260,424593,1651903
2021-02-17,174.19%,-2.13%,12.15%,26%,1.2594279820358,210294,4.2262747684514,2036465,45.94,93074,117220,389659,1646806
2021-02-16,176.32%,-37.58%,12.65%,27%,1.0682564565143,236168,3.8723732423844,2362911,49.51,114187,121981,484961,1877950
2021-02-12,213.89%,-11.70%,21.50%,45%,1.1471032837343,353673,4.0508611985445,2386143,52.4,164721,188952,472423,1913720
2021-02-11,225.59%,-40.02%,24.26%,50%,1.3786487855078,291237,4.2764172164234,2373839,51.1,122438,168799,449896,1923943
2021-02-10,265.61%,+4.63%,33.69%,56%,1.2607767778733,478828,4.6247565211305,2330376,51.2,211798,267030,414307,1916069
2021-02-09,260.98%,-31.44%,32.60%,54%,1.8397861612777,429742,4.9950974818403,2267184,50.31,151329,278413,378173,1889011
2021-02-08,292.43%,-41.30%,40.01%,56%,1.7753599931532,389136,4.2644989645768,2598125,60,140211,248925,493518,2104607
2021-02-05,333.73%,+3.15%,49.74%,63%,1.5009557564414,879221,4.766713628509,2529592,63.77,351554,527667,438654,2090938
2021-02-04,330.58%,-38.14%,49.00%,61%,2.3356392590919,945080,5.0989982613592,2339777,53.5,283328,661752,383633,1956144
2021-02-03,368.72%,-43.15%,57.99%,68%,1.8402336607029,511012,5.4135756885647,2275511,92.41,179919,331093,354796,1920715
2021-02-02,411.87%,-25.84%,68.16%,76%,2.3429754370313,959220,6.0669502749951,2064871,90,286936,672284,292187,1772684
2021-02-01,437.71%,-80.98%,74.25%,80%,2.3095391978293,619602,6.7669111856807,2189601,225,187217,432385,281914,1907687
2021-01-29,518.69%,-28.31%,93.33%,89%,2.0692659955782,875990,5.0702636666627,2047160,325,285407,590583,337244,1709916
2021-01-28,547.00%,+30.13%,100.00%,94%,2.7097058270584,749828,4.5921306572854,1929766,193.6,202126,547702,345086,1584680
2021-01-27,516.86%,+124.15%,100.00%,94%,3.3814439466237,1534351,2.6849469779828,1549815,347.51,350193,1184158,420580,1129235
2021-01-26,392.71%,+49.88%,100.00%,94%,1.0644813978095,1443857,2.2266018158236,1243855,147.98,699380,744477,385500,858355
2021-01-25,342.84%,+120.39%,100.00%,93%,1.7763944621189,1389330,2.2647422178685,1046487,76.79,500408,888922,320542,725945
2021-01-22,222.44%,+50.73%,100.00%,93%,1.1166341286518,2130424,1.1383037547057,846903,65.01,1006515,1123909,396063,450840
2021-01-21,171.71%,-8.98%,62.23%,54%,0.8161618823805,496150,1.1594367763066,753624,43.03,273186,222964,348991,404633
2021-01-20,180.69%,-14.04%,73.61%,67%,0.84628493138276,326113,1.165100240779,688792,39.12,176632,149481,318134,370658
2021-01-19,194.72%,+0.40%,91.41%,82%,0.8657483030237,513995,1.8914094437388,999407,39.36,275490,238505,345647,653760
2021-01-15,194.32%,-7.17%,90.90%,80%,0.7354670683109,553076,1.4111785833555,1061355,35.5,318690,234386,440181,621174
2021-01-14,201.49%,+22.39%,100.00%,89%,0.67289494465488,749922,1.337133416766,939343,39.91,448278,301644,401921,537422
2021-01-13,179.10%,+56.46%,100.00%,88%,0.57697441281072,929833,1.0956340432818,832214,31.4,589631,340202,397118,435096
2021-01-12,122.65%,-6.93%,0.00%,0%,0.39365732016066,73213,1.100325979022,822788,19.95,52533,20680,391743,431045
2021-01-11,129.58%,+3.20%,33.88%,50%,0.28840214837194,153526,1.0625566004876,858632,19.94,119160,34366,416295,442337
2021-01-08,126.37%,-0.36%,17.92%,20%,0.56253565866371,101332,1.0828984716834,840210,17.69,64851,36481,403385,436825
2021-01-07,126.74%,+3.96%,19.72%,25%,0.3798339616248,65153,1.0955816371406,824362,18.08,47218,17935,393381,430981
2021-01-06,122.78%,-7.79%,0.00%,0%,0.43242676361602,61464,1.106263778545,810187,18.36,42909,18555,384656,425531
2021-01-05,130.58%,-12.27%,0.00%,0%,0.39426580494162,52423,1.1211983174966,796283,17.37,37599,14824,375393,420890
2021-01-04,142.84%,+142.84%,0.00%,0%,0.6649694673275,98428,1.0578439752132,847486,17.25,59117,39311,411832,435654
2020-12-31,128.37%,-7.17%,19.45%,45%,0.656685783278,82329,1.0815468374227,846486,18.84,49695,32634,406662,439824
2020-12-30,135.54%,-5.76%,21.24%,55%,0.45318857833295,81784,1.0729353941988,835934,19.26,56279,25505,403261,432673
2020-12-29,141.29%,+0.92%,22.68%,62%,0.48774999134479,128918,1.0736961104051,812611,19.38,86653,42265,391866,420745
2020-12-28,140.37%,+6.21%,22.45%,61%,0.55365684107864,149743,1.034452963916,859416,20.99,96381,53362,422431,436985
2020-12-24,134.16%,-11.88%,20.90%,54%,0.35890904898169,129644,1.0348728728492,861555,20.15,95403,34241,423395,438160
2020-12-23,146.05%,+3.22%,23.86%,68%,0.82369689677108,475901,0.9926996607474,761831,20.57,260954,214947,382311,379520
2020-12-22,142.83%,+23.31%,23.06%,64%,0.74552982968297,468776,1.0370483034115,709838,19.46,268558,200218,348464,361374
2020-12-21,119.52%,+1.39%,17.24%,39%,0.83243371621038,84871,0.96314332239191,764342,15.53,46316,38555,389346,374996
2020-12-18,118.12%,-3.26%,16.89%,38%,0.61231846350348,170414,0.91263184323361,784640,15.63,105695,64719,410241,374399
2020-12-17,121.38%,+0.15%,17.70%,41%,0.36076252658061,90869,0.93015654140709,778270,14.83,66778,24091,403216,375054
2020-12-16,121.23%,-4.68%,17.66%,41%,0.51249145485054,48675,0.9416026706187,778206,13.85,32182,16493,400806,377400
2020-12-15,125.91%,+5.25%,18.83%,44%,0.44633755007149,132512,0.9887488592296,743098,13.85,91619,40893,373651,369447
2020-12-14,120.66%,-6.19%,17.52%,41%,0.45688678404563,114437,0.88839581416483,835330,12.72,78549,35888,442349,392981
2020-12-11,126.84%,-0.09%,19.07%,44%,2.2905337618392,193513,0.98855462669357,862287,13.31,58809,134704,433625,428662
2020-12-10,126.93%,-4.55%,19.09%,44%,0.42658809736834,92480,1.0135257929588,848683,14.12,64826,27654,421491,427192
2020-12-09,131.48%,-34.43%,20.22%,49%,0.59607926551772,322657,1.1520294793858,815277,13.66,202156,120501,378841,436436
2020-12-08,165.90%,+1.67%,28.83%,87%,0.58707799572992,190297,1.2037250621095,731802,16.94,119904,70393,332075,399727
2020-12-07,164.24%,-4.54%,28.41%,87%,0.60070695631285,93286,1.1224028280317,764897,16.35,58278,35008,360392,404505
2020-12-04,168.78%,-1.44%,29.54%,89%,0.50028103183055,101431,1.1005238200111,753481,16.9,67608,33823,358711,394770
2020-12-03,170.21%,-0.16%,29.90%,90%,0.53169440109418,87351,1.0914926022628,730550,16.12,57029,30322,349296,381254
2020-12-02,170.37%,-4.52%,29.94%,90%,0.28621369096803,80944,1.1105065102556,716766,16.58,62932,18012,339618,377148
2020-12-01,174.90%,-12.99%,31.07%,91%,0.27575007732756,107237,1.138599935082,691805,15.8,84058,23179,323485,368320
2020-11-30,187.88%,+17.00%,34.32%,95%,0.71961732192962,305208,1.077272712334,632058,16.56,177486,127722,304273,327785
2020-11-27,170.89%,+8.46%,30.07%,92%,0.37864561695056,165920,0.99060861279617,610024,16.08,120350,45570,306451,303573
2020-11-25,162.43%,+5.19%,27.96%,89%,0.18464672753648,111063,1.0411357476178,584369,14.75,93752,17311,286296,298073
2020-11-24,157.24%,-1.38%,26.66%,84%,0.31856303783636,48266,1.0715240972807,585508,13.67,36605,11661,282646,302862
2020-11-23,158.62%,+0.96%,27.01%,87%,0.70482170315589,93131,0.88215395256515,647636,13.9,54628,38503,344093,303543
2020-11-20,157.66%,+4.18%,26.77%,86%,0.22504458665548,93417,0.90357749163861,675020,12.71,76256,17161,354606,320414
2020-11-19,153.48%,+2.03%,25.72%,82%,0.19455796126609,94124,0.9464672007862,649649,12.46,78794,15330,333758,315891
2020-11-18,151.44%,-0.22%,25.21%,78%,0.47645331767469,25144,0.95041864401656,645257,11.57,17030,8114,330830,314427
2020-11-17,151.66%,+5.68%,25.27%,78%,0.39317100701443,34559,0.95054076488324,639161,11.63,24806,9753,327684,311477
2020-11-16,145.99%,+3.32%,23.85%,71%,0.25112357316152,62914,0.89090572644585,664209,12.06,50286,12628,351265,312944
2020-11-13,142.67%,-9.03%,23.02%,67%,0.40265691776942,27241,0.89579154866533,660708,11.01,19421,7820,348513,312195
2020-11-12,151.69%,-0.33%,25.27%,79%,0.26750812414638,26913,0.90202627023725,653793,11.13,21233,5680,343735,310058
2020-11-11,152.02%,-5.62%,25.36%,79%,0.4266363740941,49607,0.91107673342853,626321,11.75,34772,14835,327732,298589
2020-11-10,157.64%,+0.22%,26.76%,86%,0.27313506640294,36045,0.92492177393843,614564,11.1,28312,7733,319267,295297
2020-11-09,157.42%,+21.84%,26.71%,85%,0.18006870666073,37099,0.88286687529098,638981,11.49,31438,5661,339366,299615
2020-11-06,135.58%,+5.41%,21.25%,59%,0.290867132425,40834,0.88135778990337,635105,11.86,31633,9201,337578,297527
2020-11-05,130.18%,-0.64%,19.90%,51%,0.37663649942887,31335,0.89544846010414,627202,11.45,22762,8573,330899,296303
2020-11-04,130.81%,-11.08%,20.06%,53%,0.39365906988479,33144,0.9085830355045,617335,10.91,23782,9362,323452,293883
2020-11-03,141.89%,+5.30%,22.83%,67%,0.15778054862843,46427,0.95112330087916,598989,11.57,40100,6327,306997,291992
2020-11-02,136.59%,-10.99%,21.50%,61%,0.45549642136172,31724,0.82266518824656,650943,10.75,21796,9928,357138,293805
2020-10-30,147.58%,+19.38%,24.25%,73%,0.74147800822714,60539,0.85687842798286,653066,10.47,34763,25776,351701,301365
2020-10-29,128.19%,-11.05%,19.40%,50%,0.26461252612836,32670,0.87147649253948,644937,11.73,25834,6836,344614,300323
2020-10-28,139.24%,+6.89%,22.16%,64%,0.25979489278486,55402,0.90226492298541,633186,11.82,43977,11425,332859,300327
2020-10-27,132.35%,-0.78%,20.44%,55%,0.24244356833643,64289,0.9414280513478,613268,12.69,51744,12545,315885,297383
2020-10-26,133.13%,+2.29%,20.64%,57%,0.31581184056272,89791,0.97944929104746,632824,13.45,68240,21551,319697,313127
2020-10-23,130.83%,-8.16%,20.06%,54%,0.3706083880069,61210,0.95307937655685,637448,15,44659,16551,326381,311067
2020-10-22,139.00%,+1.34%,22.10%,63%,0.35938625223593,117035,0.95662516449033,618544,14.91,86094,30941,316128,302416
2020-10-21,137.66%,-2.39%,21.77%,63%,0.33320227516972,50863,0.96804723031882,609703,14.1,38151,12712,309801,299902
2020-10-20,140.05%,-7.21%,22.37%,64%,0.34636996449638,48161,0.97293424352279,600283,13.86,35771,12390,304259,296024
2020-10-19,147.27%,-0.54%,24.17%,72%,0.42542588588865,92962,1.1319407894737,777732,13.91,65217,27745,364800,412932
2020-10-16,147.80%,-3.47%,24.30%,73%,0.42322514241946,118919,1.0753694644531,808180,13.31,83556,35363,389415,418765
2020-10-15,151.27%,+18.31%,25.17%,78%,0.40553588422728,364797,1.0296157120306,736716,13.83,259543,105254,362983,373733
2020-10-14,132.95%,-3.70%,20.59%,58%,0.43346510544274,95367,1.0458175281622,712458,12.25,66529,28838,348251,364207
2020-10-13,136.65%,-5.34%,21.52%,63%,0.44153948486752,78019,1.0773167151032,693346,11.88,54122,23897,333770,359576
2020-10-12,141.99%,-5.71%,22.85%,67%,0.42411753796699,138222,1.060319636756,733276,11.8,97058,41164,355904,377372
2020-10-09,147.70%,-1.60%,24.28%,73%,0.78705003614168,556264,1.0278827441426,661688,12.02,311275,244989,326295,335393
2020-10-08,149.31%,+26.93%,24.68%,75%,0.84621453776265,381415,1.0580241548843,573063,13.49,206593,174822,278453,294610
2020-10-07,122.37%,+8.98%,17.95%,51%,0.57042122842828,16926,1.0542341800365,566831,9.36,10778,6148,275933,290898
2020-10-06,113.40%,-4.71%,15.71%,44%,0.33811053455234,16246,1.0549296701369,562163,9.13,12141,4105,273568,288595
2020-10-05,118.11%,+13.00%,16.88%,48%,0.27257350380578,25580,1.0186290065558,589042,9.46,20101,5479,291803,297239
2020-10-02,105.11%,-6.12%,13.63%,36%,0.49401679496151,42699,1.0193216840755,579198,9.39,28580,14119,286828,292370
2020-10-01,111.22%,+3.63%,15.16%,40%,0.2757729878098,31606,1.020446385113,572841,9.77,24774,6832,283522,289319
2020-09-30,107.60%,-10.25%,14.26%,38%,0.29674778662633,29147,1.0125775930675,569006,10.2,22477,6670,282725,286281
2020-09-29,117.85%,-12.66%,16.82%,47%,0.47175863889227,36245,1.0043739177703,556781,10.35,24627,11618,277783,278998
2020-09-28,130.51%,-2.31%,19.98%,56%,0.28303244579331,41007,1.0044509468565,583644,10.09,31961,9046,291174,292470
2020-09-25,132.82%,+7.43%,20.56%,58%,0.25345935550448,53445,0.9943960085296,580810,10.02,42638,10807,291221,289589
2020-09-24,125.38%,-4.90%,18.70%,52%,0.38758256992959,51045,1.0286060233734,567961,9.14,36787,14258,279976,287985
2020-09-23,130.28%,-16.79%,19.92%,55%,0.35773094022724,65964,1.0221859079808,558095,10.04,48584,17380,275986,282109
2020-09-22,147.07%,+7.78%,24.12%,71%,0.27215230650288,118473,0.99189296709519,555772,10.56,93128,25345,279017,276755
2020-09-21,139.29%,+5.83%,22.18%,64%,0.47056322630279,72637,1.0520374722765,619900,8.75,49394,23243,302090,317810
2020-09-18,133.47%,-13.74%,20.72%,58%,0.18479219819261,99378,1.0245091753225,615716,9.47,83878,15500,304131,311585
2020-09-17,147.21%,+12.10%,24.15%,71%,0.26983257797299,108991,1.0614253286508,587566,9.2,85831,23160,285029,302537
2020-09-16,135.11%,+40.44%,21.13%,60%,0.26597109197323,117453,1.0730273314185,568024,8.68,92777,24676,274007,294017
2020-09-15,94.67%,-10.67%,11.03%,32%,0.37239062053188,38394,1.0933769799208,558917,7.09,27976,10418,266993,291924
2020-09-14,105.34%,+9.88%,13.69%,38%,0.34238259843184,63688,1.0979365848858,575571,6.91,47444,16244,274351,301220
2020-09-11,95.46%,-16.32%,11.22%,33%,0.80920017169838,50578,1.1202185382536,565422,6.09,27956,22622,266681,298741
2020-09-10,111.78%,-42.12%,15.30%,42%,1.3357616136472,127612,1.109793767256,553247,6.23,54634,72978,262228,291019
2020-09-09,153.90%,-13.05%,25.83%,79%,0.95275116486048,74599,1.1027693901837,519506,7.35,38202,36397,247058,272448
2020-09-08,166.95%,-21.21%,29.09%,87%,0.70077241688123,45579,1.1241960380756,528432,7.7,26799,18780,248768,279664
2020-09-04,188.16%,+35.67%,34.39%,94%,0.36700557559856,25008,1.0849940404782,537034,7.65,18294,6714,257571,279463
2020-09-03,152.49%,-44.60%,25.47%,78%,1.8996413321947,84887,1.0689471296569,519914,7.82,29275,55612,251294,268620
2020-09-02,197.09%,+11.11%,36.62%,95%,0.5950668036999,48112,1.0445100621259,506143,7.71,30163,17949,247562,258581
2020-09-01,185.98%,-25.21%,33.84%,94%,0.51629333686782,80080,1.0539694154439,471577,7.65,52813,27267,229593,241984
2020-08-31,211.19%,+85.45%,40.14%,98%,0.75923705868883,130604,1.0666813961642,430281,6.68,74239,56365,208199,222082
2020-08-28,125.74%,+5.33%,18.79%,55%,0.4936650829374,35839,1.0561433137123,418822,5.39,23994,11845,203693,215129
2020-08-27,120.41%,-11.52%,17.46%,53%,0.21331532533566,15272,1.0600038702571,415167,5.25,12587,2685,201537,213630
2020-08-26,131.93%,+4.27%,20.34%,58%,0.19362621896049,23746,1.1007067597902,403342,5.11,19894,3852,192003,211339
2020-08-25,127.67%,-8.45%,19.27%,55%,0.20641631434966,9702,1.1170380731369,399574,4.98,8042,1660,188742,210832
2020-08-24,136.11%,+1.42%,21.38%,61%,0.52018099547511,16798,1.0961862738169,415200,4.87,11050,5748,198074,217126
2020-08-21,134.69%,+20.74%,21.03%,60%,0.74398735872302,65117,1.0696600880538,407098,5.03,37338,27779,196698,210400
2020-08-20,113.96%,+0.75%,15.85%,48%,0.49950544015826,4548,1.0709257815088,406297,4.61,3033,1515,196191,210106
2020-08-19,113.21%,-6.36%,15.66%,48%,0.33247988295538,3643,1.0720731314515,405283,4.72,2734,909,195593,209690
2020-08-18,119.57%,-0.34%,17.25%,52%,0.23639191290824,6360,1.0783599182636,403790,4.81,5144,1216,194283,209507
2020-08-17,119.91%,+4.09%,17.33%,53%,0.43560767590618,6733,1.079705400982,406624,4.63,4690,2043,195520,211104
2020-08-14,115.83%,+2.64%,16.31%,49%,1.4195412362108,13818,1.036679526918,402788,4.75,5711,8107,197767,205021
2020-08-13,113.19%,-6.55%,15.65%,48%,0.4079591402426,6616,1.036686198905,402494,4.64,4699,1917,197622,204872
2020-08-12,119.74%,+0.61%,17.29%,52%,0.55074829931973,5699,1.0373372248522,400677,4.52,3675,2024,196667,204010
2020-08-11,119.13%,+7.47%,17.14%,52%,0.41994792077645,17995,1.0571588769228,388910,4.35,12673,5322,189052,199858
2020-08-10,111.67%,+3.52%,15.27%,47%,0.25044528003166,12637,1.0447765090404,391634,4.33,10106,2531,191529,200105
2020-08-07,108.15%,+2.25%,14.39%,45%,0.45329117562518,10112,1.041372082838,391527,4.16,6958,3154,191796,199731
2020-08-06,105.90%,-17.72%,13.83%,45%,0.19934825729668,8465,1.0374125092882,392098,4.43,7058,1407,192449,199649
2020-08-05,123.62%,-6.78%,18.26%,52%,0.12839419475655,19282,1.0753234974979,384435,4.63,17088,2194,185241,199194
2020-08-04,130.41%,+49.01%,19.96%,55%,0.22681769733955,58702,1.150083971901,357187,4.43,47849,10853,166127,191060
2020-08-03,81.40%,-2.42%,7.71%,23%,0.39643158783784,13227,1.1744970152554,354069,4.15,9472,3755,162828,191241
2020-07-31,83.81%,+1.05%,8.31%,29%,0.52142623487079,4651,1.151594275973,358447,4.01,3057,1594,166596,191851
2020-07-30,82.76%,-0.16%,8.05%,28%,0.5400111919418,5504,1.164677168311,357425,4.1,3574,1930,165117,192308
2020-07-29,82.93%,+32.39%,8.09%,28%,0.46984248943527,11478,1.1980240146666,351286,4.06,7809,3669,159819,191467
2020-07-28,50.54%,-29.63%,0.00%,0%,0.42109982068141,4755,1.200453300595,349509,3.94,3346,1409,158835,190674
2020-07-27,80.17%,-0.03%,7.30%,21%,1.0807625649913,6003,1.1982494584028,353118,4.01,2885,3118,160636,192482
2020-07-24,80.20%,-1.24%,7.31%,21%,0.53035413153457,7260,1.1573953589243,358119,4.03,4744,2516,165996,192123
2020-07-23,81.44%,+2.93%,7.62%,22%,0.53684210526316,3358,1.1613051498382,357361,4.11,2185,1173,165345,192016
2020-07-22,78.51%,-4.05%,6.88%,20%,0.82826475849732,9198,1.167234441729,351170,4.11,5031,4167,162036,189134
2020-07-21,82.57%,+2.70%,7.90%,25%,0.9930031301786,21648,1.1747747747748,334339,4.01,10862,10786,153735,180604
2020-07-20,79.86%,-2.52%,7.22%,20%,0.4322043187548,26132,0.78446883947,428815,3.85,18246,7886,240304,188511
2020-07-17,82.38%,+0.11%,7.85%,23%,1.2978753743049,16115,0.97833629445878,472126,3.96,7013,9102,238648,233478
2020-07-16,82.27%,-5.39%,7.82%,22%,0.28660750302541,6379,0.98193938421659,469460,4.17,4958,1421,236869,232591
2020-07-15,87.66%,-0.37%,9.17%,25%,0.36809978768577,5155,0.98775019233303,467656,4.19,3768,1387,235269,232387
2020-07-14,88.03%,-6.56%,9.27%,25%,0.34081769436997,8002,0.99552816310369,463647,4.08,5968,2034,232343,231304
2020-07-13,94.60%,+3.27%,10.91%,31%,0.97810584261229,15811,0.98253081606654,465298,4.26,7993,7818,234699,230599
2020-07-10,91.32%,+4.07%,10.09%,29%,0.44707239688491,5017,0.9827688221247,465798,4.34,3467,1550,234923,230875
2020-07-09,87.25%,-2.12%,9.07%,25%,0.58580343213729,6099,0.97855425984593,465906,4.21,3846,2253,235478,230428
2020-07-08,89.38%,+0.41%,9.60%,26%,0.51087481875302,6252,0.98182128822826,463984,4.26,4138,2114,234120,229864
2020-07-07,88.97%,+6.56%,9.50%,26%,0.67838011570602,7833,0.98346993713072,461248,4.09,4667,3166,232546,228702
2020-07-06,82.41%,+1.48%,7.86%,23%,0.59727926078029,18669,0.97235809497541,457664,4.24,11688,6981,232039,225625
2020-07-02,80.93%,-0.99%,7.49%,22%,0.81950509461426,6250,0.96938287972245,457529,4.29,3435,2815,232321,225208
2020-07-01,81.92%,-9.21%,7.74%,22%,0.229089916769,9008,0.98163059559815,454053,4.44,7329,1679,229131,224922
2020-06-30,91.13%,-3.20%,10.04%,25%,0.67057800956106,11532,0.99096757625535,449666,4.34,6903,4629,225853,223813
2020-06-29,94.32%,-6.13%,10.84%,26%,0.65276240742317,19415,0.94540857372716,457029,4.38,11747,7668,234927,222102
2020-06-26,100.45%,+1.33%,12.37%,32%,1.097994149603,10041,0.95616547607818,456213,4.35,4786,5255,233218,222995
2020-06-25,99.12%,+0.55%,12.04%,31%,1.9968104750713,17852,0.92540088913491,445222,4.46,5957,11895,231236,213986
2020-06-24,98.57%,-6.88%,11.90%,31%,0.5263969521045,16827,0.91964106107384,438972,4.41,11024,5803,228674,210298
2020-06-23,105.45%,-12.28%,13.62%,32%,1.2843373493976,18012,0.91717942297029,428735,4.83,7885,10127,223628,205107
2020-06-22,117.72%,+7.41%,16.69%,39%,0.67144308943089,16447,0.84875840360626,475741,4.87,9840,6607,257330,218411
2020-06-19,110.31%,-0.84%,14.84%,33%,0.59913169319826,25415,0.85572979398405,471463,4.88,15893,9522,254058,217405
2020-06-18,111.15%,-2.10%,15.05%,33%,0.91413288288288,13598,0.8460729734448,475853,4.95,7104,6494,257765,218088
2020-06-17,113.25%,+0.77%,15.57%,35%,0.78512582384661,47670,0.84454477473928,458801,4.76,26704,20966,248734,210067
2020-06-16,112.48%,-9.90%,15.38%,34%,0.86340284073738,18498,0.83664089645943,448763,4.64,9927,8571,244339,204424
2020-06-15,122.39%,-7.51%,17.86%,38%,0.56076319638346,23477,0.8143175715651,478392,4.69,15042,8435,263676,214716
2020-06-12,129.90%,-2.84%,19.74%,40%,0.63674280039722,24723,0.77021457852467,486239,4.72,15105,9618,274678,211561
2020-06-11,132.73%,-10.12%,20.45%,42%,0.47280902360557,37997,0.79174772722229,484442,4.37,25799,12198,270374,214068
2020-06-10,142.85%,-28.61%,22.98%,52%,1.0541754001524,172485,0.77930006003912,459353,5.07,83968,88517,258165,201188
2020-06-09,171.46%,+11.46%,30.14%,86%,0.55630189566035,79471,0.76721073112514,420529,4.96,51064,28407,237962,182567
2020-06-08,160.00%,+19.70%,27.27%,80%,0.37415089963219,82941,0.77190898778942,398334,5.01,60358,22583,224805,173529
2020-06-05,140.30%,-7.99%,22.34%,50%,0.22365128835433,27876,0.79044374563242,389443,4.14,22781,5095,217512,171931
2020-06-04,148.29%,+3.84%,24.34%,62%,0.20169014084507,12798,0.80417452144472,384733,4.47,10650,2148,213246,171487
2020-06-03,144.44%,+0.10%,23.38%,58%,0.25975669784122,17915,0.81859396288691,379075,4.44,14221,3694,208444,170631
2020-06-02,144.34%,-9.33%,23.35%,56%,0.36640292148509,8980,0.82198261207441,375128,4.18,6572,2408,205890,169238
2020-06-01,153.67%,+10.22%,25.68%,71%,0.55681889173487,24920,0.79335505944417,375299,4.13,16007,8913,209272,166027
2020-05-29,143.45%,+2.61%,23.13%,55%,0.2825043211062,13356,0.81492209397983,368431,4.06,10414,2942,203001,165430
2020-05-28,140.84%,-3.55%,22.47%,53%,0.53911531775159,7968,0.81668581889454,365192,4.33,5177,2791,201021,164171
2020-05-27,144.38%,+0.40%,23.36%,56%,0.25959125134457,14052,0.8206277119767,360000,4.69,11156,2896,197734,162266
2020-05-26,143.98%,-6.29%,23.26%,56%,0.40134334255235,17734,0.82205916074295,365516,4.42,12655,5079,200606,164910
2020-05-22,150.27%,-1.88%,24.84%,63%,0.37284482758621,16562,0.83793154815412,357803,4.18,12064,4498,194677,163126
2020-05-21,152.15%,-4.90%,25.30%,67%,0.37424357034796,14534,0.85669112664737,353475,4.44,10576,3958,190379,163096
2020-05-20,157.05%,+1.50%,26.53%,74%,0.51918510186227,12155,0.86386276492761,344645,4.43,8001,4154,184909,159736
2020-05-19,155.56%,-1.94%,26.16%,72%,0.55005849908073,9274,0.86994601344967,338406,4.44,5983,3291,180971,157435
2020-05-18,157.50%,+0.88%,26.64%,75%,0.2121476568636,13890,0.75046268433842,386840,4.58,11459,2431,220993,165847
2020-05-15,156.62%,-1.20%,26.42%,73%,0.35197817189632,10901,0.86966482507959,410498,4.22,8063,2838,219557,190941
2020-05-14,157.82%,+5.16%,26.72%,76%,0.79326695116169,15128,0.88014733924303,404258,4.13,8436,6692,215014,189244
2020-05-13,152.66%,-2.42%,25.43%,72%,0.59104737070839,14644,0.88792143747069,398527,4.21,9204,5440,211093,187434
2020-05-12,155.09%,-1.65%,26.04%,74%,0.63154129960093,43337,0.9044671903515,384032,4.54,26562,16775,201648,182384
2020-05-11,156.73%,+4.05%,26.45%,74%,0.66830956375839,15909,0.8775542791661,399782,4.76,9536,6373,212927,186855
2020-05-08,152.68%,+8.02%,25.44%,74%,0.57054965857616,23230,0.91321523599492,399068,4.98,14791,8439,208585,190483
2020-05-07,144.67%,-3.55%,23.43%,65%,0.48639634895559,25404,0.92551185277448,384931,4.87,17091,8313,199911,185020
2020-05-06,148.21%,-3.03%,24.32%,67%,0.50138470800722,12469,0.93245804211707,382389,4.93,8305,4164,197877,184512
2020-05-05,151.24%,-8.96%,25.08%,72%,0.40510527833862,9743,0.93506460409287,379650,5.39,6934,2809,196195,183455
2020-05-04,160.21%,+11.42%,27.32%,75%,0.55925020374898,28698,1.0155657359302,393771,5.48,18405,10293,195365,198406
2020-05-01,148.79%,+12.03%,24.46%,70%,1.45,686,0.99972503955799,385457,6.05,280,406,192755,192702
2020-04-30,136.76%,+0.28%,21.45%,61%,0.58517563648083,24594,0.87274952919021,298329,0,15515,9079,159300,139029
2020-04-29,136.47%,-7.97%,21.38%,61%,0.58941736028537,26734,0.7811230350169,271363,0,16820,9914,152355,119008
2020-04-28,144.45%,-6.00%,23.38%,67%,0.70345552013909,47029,0.83728479120103,301684,0,27608,19421,164201,137483
2020-04-27,150.45%,+15.37%,24.88%,70%,0.68155065907875,69142,0.79888966784774,284820,0,41118,28024,158331,126489
2020-04-24,135.08%,-6.48%,21.03%,59%,0.53240914200075,12270,0.58958865573959,221506,0,8007,4263,139348,82158
2020-04-23,141.56%,-25.43%,22.65%,67%,0.74282754223781,21869,0.72755789763816,263247,0,12548,9321,152381,110866
2020-04-22,166.99%,-2.97%,29.02%,78%,0.59040708531185,29809,0.85617767768509,250558,0,18743,11066,134986,115572
2020-04-21,169.96%,-14.35%,29.76%,80%,1.2876997398737,30781,0.91546328314683,286379,0,13455,17326,149509,136870
2020-04-20,184.31%,+17.68%,33.35%,85%,0.6814224137931,39009,0.5891539956861,238710,0,23200,15809,150212,88498
2020-04-17,166.62%,-15.17%,28.93%,80%,1.1979392007287,38609,0.89669912641179,355853,0,17566,21043,187617,168236
2020-04-16,181.80%,-26.40%,32.72%,84%,1.2159926470588,21699,0.71296124414743,332198,0,9792,11907,193932,138266
2020-04-15,208.20%,+6.80%,39.32%,96%,0.8505251817937,68710,0.8527998652823,352082,0,37130,31580,190027,162055
2020-04-14,201.40%,+43.62%,37.62%,94%,0.62272669579881,89495,0.91653424685804,371478,0,55151,34344,193828,177650
2020-04-13,157.78%,+9.41%,26.71%,80%,0.98761854583772,37725,0.72916419244103,305756,0,18980,18745,176823,128933
2020-04-09,148.37%,+18.11%,24.36%,77%,1.0894332511958,28830,0.86090060168173,300314,0,13798,15032,161381,138933
2020-04-08,130.26%,-7.10%,19.83%,66%,0.76185770750988,17830,0.76377586956196,235390,0,10120,7710,133458,101932
2020-04-07,137.36%,+5.38%,21.60%,72%,0.53193688417281,22233,0.94258764963073,237256,0,14513,7720,122134,115122
2020-04-06,131.98%,-3.26%,20.26%,68%,1.0080208735988,20779,0.8859260391198,246830,0,10348,10431,130880,115950
2020-04-03,135.24%,+5.53%,21.07%,69%,2.8551518947698,24619,1.2222032556913,286402,0,6386,18233,128882,157520
2020-04-02,129.71%,-6.44%,19.69%,69%,1.9657507487954,22774,0.99025664086846,252271,0,7679,15095,126753,125518
2020-04-01,136.14%,+18.96%,21.30%,70%,1.2654530744337,28001,1.0909652464224,284342,0,12360,15641,135986,148356
2020-03-31,117.18%,-21.77%,16.56%,66%,0.88594654514103,15312,1.0913746102987,277722,0,8119,7193,132794,144928
2020-03-30,138.95%,-12.09%,22.00%,70%,0.91040404712774,28700,1.0468017439603,274165,0,15023,13677,133948,140217
2020-03-27,151.04%,-33.42%,25.03%,75%,0.99147369892373,42743,0.77838227346424,296154,0,21463,21280,166530,129624
2020-03-26,184.46%,-1.43%,33.39%,86%,0.46530934146898,70603,0.95708966779764,284371,0,48183,22420,145303,139068
2020-03-25,185.89%,-0.13%,33.75%,88%,1.2914005474453,20091,1.0647887323944,235293,0,8768,11323,113955,121338
2020-03-24,186.02%,-20.77%,33.78%,89%,0.89134795832524,29227,0.92137945585147,200348,0,15453,13774,104273,96075
2020-03-23,206.79%,+6.18%,38.97%,95%,1.8720918315056,28023,1.069536798183,201368,0,9757,18266,97301,104067
2020-03-20,200.61%,+19.26%,37.43%,95%,3.1336069311446,27195,0.65866668737189,213623,0,6579,20616,128792,84831
2020-03-19,181.34%,-1.21%,32.61%,91%,1.4776847977685,28424,0.58383200148671,170452,0,11472,16952,107620,62832
2020-03-18,182.56%,+21.46%,32.91%,92%,1.3045252756695,32185,0.71671914041046,221922,0,13966,18219,129271,92651
2020-03-17,161.10%,+9.31%,27.54%,88%,0.55729468599034,8059,0.60523908913956,205347,0,5175,2884,127923,77424
2020-03-16,151.79%,+10.50%,25.21%,88%,0.60118748954675,19147,0.54939984996249,206535,0,11958,7189,133300,73235
"Downloaded from Barchart.com as of 03-16-2026 10:24am CDT"
